horodatage,noeud,anomalies,connecte,flux_etat,resync_srv,fastfwd_srv
2026-08-16 18:18:47,pcpBunker,0,oui,playing,0,0
2026-08-16 18:18:47,pcpDJ,0,oui,playing,0,0
2026-08-16 18:18:47,pcpKitchen,0,oui,playing,0,0
2026-08-16 18:18:47,pcpSystem,0,oui,playing,0,0
2026-08-16 18:18:47,pcpLobby,0,oui,playing,0,0
2026-08-16 18:20:24,pcpBunker,0,oui,playing,0,0
2026-08-16 18:20:24,pcpDJ,0,oui,playing,0,0
2026-08-16 18:20:24,pcpKitchen,0,oui,playing,0,0
2026-08-16 18:20:24,pcpSystem,0,oui,playing,0,0
2026-08-16 18:20:24,pcpLobby,0,oui,playing,0,0
2026-08-16 18:25:25,pcpBunker,0,oui,playing,0,0
2026-08-16 18:25:25,pcpDJ,0,oui,playing,0,0
2026-08-16 18:25:25,pcpKitchen,0,oui,playing,0,0
2026-08-16 18:25:25,pcpSystem,0,oui,playing,0,0
2026-08-16 18:25:25,pcpLobby,0,oui,playing,0,0
2026-08-16 18:30:26,pcpBunker,0,oui,playing,0,0
2026-08-16 18:30:26,pcpDJ,0,oui,playing,0,0
2026-08-16 18:30:26,pcpKitchen,0,oui,playing,0,0
2026-08-16 18:30:26,pcpSystem,0,oui,playing,0,0
2026-08-16 18:30:26,pcpLobby,0,oui,playing,0,0
2026-08-16 18:35:27,pcpBunker,0,oui,playing,0,0
2026-08-16 18:35:27,pcpDJ,0,oui,playing,0,0
2026-08-16 18:35:27,pcpKitchen,0,oui,playing,0,0
2026-08-16 18:35:27,pcpSystem,0,oui,playing,0,0
2026-08-16 18:35:27,pcpLobby,0,oui,playing,0,0
2026-08-16 18:40:28,pcpBunker,1,oui,idle,1,0
2026-08-16 18:40:28,pcpDJ,1,oui,idle,1,0
2026-08-16 18:40:28,pcpKitchen,1,oui,idle,1,0
2026-08-16 18:40:28,pcpSystem,1,oui,idle,1,0
2026-08-16 18:40:28,pcpLobby,1,oui,idle,1,0
2026-08-16 18:45:29,pcpBunker,35,oui,playing,0,0
2026-08-16 18:45:29,pcpDJ,35,oui,playing,0,0
2026-08-16 18:45:29,pcpKitchen,35,oui,playing,0,0
2026-08-16 18:45:29,pcpSystem,35,oui,playing,0,0
2026-08-16 18:45:29,pcpLobby,35,oui,playing,0,0
2026-08-16 18:50:30,pcpBunker,35,oui,playing,0,0
2026-08-16 18:50:30,pcpDJ,35,oui,playing,0,0
2026-08-16 18:50:30,pcpKitchen,35,oui,playing,0,0
2026-08-16 18:50:30,pcpSystem,35,oui,playing,0,0
2026-08-16 18:50:30,pcpLobby,35,oui,playing,0,0
2026-08-16 18:55:31,pcpBunker,111,oui,idle,2,0
2026-08-16 18:55:31,pcpDJ,111,oui,idle,2,0
2026-08-16 18:55:31,pcpKitchen,111,oui,idle,2,0
2026-08-16 18:55:31,pcpSystem,111,oui,idle,2,0
2026-08-16 18:55:31,pcpLobby,111,oui,idle,2,0
2026-08-16 19:00:31,pcpBunker,111,oui,playing,2,0
2026-08-16 19:00:31,pcpDJ,111,oui,playing,2,0
2026-08-16 19:00:31,pcpKitchen,111,oui,playing,2,0
2026-08-16 19:00:31,pcpSystem,111,oui,playing,2,0
2026-08-16 19:00:31,pcpLobby,111,oui,playing,2,0
2026-08-16 19:05:32,pcpBunker,111,oui,playing,2,0
2026-08-16 19:05:32,pcpDJ,111,oui,playing,2,0
2026-08-16 19:05:32,pcpKitchen,111,oui,playing,2,0
2026-08-16 19:05:32,pcpSystem,111,oui,playing,2,0
2026-08-16 19:05:32,pcpLobby,111,oui,playing,2,0
2026-08-16 19:10:33,pcpBunker,111,oui,playing,2,0
2026-08-16 19:10:33,pcpDJ,111,oui,playing,2,0
2026-08-16 19:10:33,pcpKitchen,111,oui,playing,2,0
2026-08-16 19:10:33,pcpSystem,111,oui,playing,2,0
2026-08-16 19:10:33,pcpLobby,111,oui,playing,2,0
2026-08-16 19:15:34,pcpBunker,111,oui,playing,2,0
2026-08-16 19:15:34,pcpDJ,111,oui,playing,2,0
2026-08-16 19:15:34,pcpKitchen,111,oui,playing,2,0
2026-08-16 19:15:34,pcpSystem,111,oui,playing,2,0
2026-08-16 19:15:34,pcpLobby,111,oui,playing,2,0
2026-08-16 19:20:35,pcpBunker,111,oui,playing,2,0
2026-08-16 19:20:35,pcpDJ,111,oui,playing,2,0
2026-08-16 19:20:35,pcpKitchen,111,oui,playing,2,0
2026-08-16 19:20:35,pcpSystem,111,oui,playing,2,0
2026-08-16 19:20:35,pcpLobby,111,oui,playing,2,0
2026-08-16 19:25:36,pcpBunker,111,oui,idle,2,0
2026-08-16 19:25:36,pcpDJ,111,oui,idle,2,0
2026-08-16 19:25:36,pcpKitchen,111,oui,idle,2,0
2026-08-16 19:25:36,pcpSystem,111,oui,idle,2,0
2026-08-16 19:25:36,pcpLobby,111,oui,idle,2,0
2026-08-16 19:30:37,pcpBunker,111,oui,playing,2,0
2026-08-16 19:30:37,pcpDJ,111,oui,playing,2,0
2026-08-16 19:30:37,pcpKitchen,111,oui,playing,2,0
2026-08-16 19:30:37,pcpSystem,111,oui,playing,2,0
2026-08-16 19:30:37,pcpLobby,111,oui,playing,2,0
2026-08-16 19:35:38,pcpBunker,111,oui,playing,2,0
2026-08-16 19:35:38,pcpDJ,111,oui,playing,2,0
2026-08-16 19:35:38,pcpKitchen,111,oui,playing,2,0
2026-08-16 19:35:38,pcpSystem,111,oui,playing,2,0
2026-08-16 19:35:38,pcpLobby,111,oui,playing,2,0
2026-08-16 19:40:39,pcpBunker,111,oui,playing,2,0
2026-08-16 19:40:39,pcpDJ,111,oui,playing,2,0
2026-08-16 19:40:39,pcpKitchen,111,oui,playing,2,0
2026-08-16 19:40:39,pcpSystem,111,oui,playing,2,0
2026-08-16 19:40:39,pcpLobby,111,oui,playing,2,0
2026-08-16 19:45:40,pcpBunker,111,oui,playing,2,0
2026-08-16 19:45:40,pcpDJ,111,oui,playing,2,0
2026-08-16 19:45:40,pcpKitchen,111,oui,playing,2,0
2026-08-16 19:45:40,pcpSystem,111,oui,playing,2,0
2026-08-16 19:45:40,pcpLobby,111,oui,playing,2,0
2026-08-16 19:50:41,pcpBunker,112,oui,playing,3,1
2026-08-16 19:50:41,pcpDJ,112,oui,playing,3,1
2026-08-16 19:50:41,pcpKitchen,112,oui,playing,3,1
2026-08-16 19:50:41,pcpSystem,112,oui,playing,3,1
2026-08-16 19:50:41,pcpLobby,112,oui,playing,3,1
2026-08-16 19:55:42,pcpBunker,112,oui,playing,3,1
2026-08-16 19:55:42,pcpDJ,112,oui,playing,3,1
2026-08-16 19:55:42,pcpKitchen,112,oui,playing,3,1
2026-08-16 19:55:42,pcpSystem,112,oui,playing,3,1
2026-08-16 19:55:42,pcpLobby,112,oui,playing,3,1
2026-08-16 20:00:43,pcpBunker,112,oui,playing,3,1
2026-08-16 20:00:43,pcpDJ,112,oui,playing,3,1
2026-08-16 20:00:43,pcpKitchen,112,oui,playing,3,1
2026-08-16 20:00:43,pcpSystem,112,oui,playing,3,1
2026-08-16 20:00:43,pcpLobby,112,oui,playing,3,1
